Average_Red,Average_Green,Average_Blue
103.93433333333333,78.923,84.39866666666667
103.93433333333333,78.923,84.39866666666667
103.93433333333333,78.923,84.39866666666667
103.93433333333333,78.923,84.39866666666667
